category,CO2,CH4,N2O,CO2eq,CO2-upstream,CH4-upstream,N2O-upstream,CO2eq-upstream,CO2-waste treatment,CH4-waste treatment,N2O-waste treatment,CO2eq-waste treatment
Odlaganje otpada na uređena odlagališta,41.381035,31.248529,0.000000,916.339860,41.381035,0.000000,0.000000,41.381035,0.000000,31.248529,0.000000,874.958825
Odlaganje otpada na neuređena odlagališta,41.381035,23.733027,0.000000,705.905805,41.381035,0.000000,0.000000,41.381035,0.000000,23.733027,0.000000,664.524770
Kompostiranje otpada,41.381035,10.000000,0.600000,480.381035,41.381035,0.000000,0.000000,41.381035,0.000000,10.000000,0.600000,439.000000
Spaljivanje proizvodnog otpada,1688.000000,0.000000,0.100000,1714.500000,38.000000,0.000000,0.000000,38.000000,1650.000000,0.000000,0.100000,1676.500000
Spaljivanje bolničkog otpada,918.000000,0.000000,0.100000,944.500000,38.000000,0.000000,0.000000,38.000000,880.000000,0.000000,0.100000,906.500000
Upravljanje otpadnim vodama kućanstava,0.000000,247.712363,0.000000,6935.946150,0.000000,0.000000,0.000000,0.000000,0.000000,247.712363,0.000000,6935.946150